case_id,priority,business_domain,intent_type,user_question,expected_sql,expected_output_shape,must_conditions,forbidden_patterns,allowed_databases,allowed_tables,default_limit,max_limit,time_range_hint,review_status,owner,reviewer,last_updated,notes
,,,,,,,,,,,,,,,,,,
EXAMPLE_001,P0,user,lookup,查询商户管理员simon的用户信息,SELECT * FROM tenant.tenant_admin_user WHERE user_name = 'simon';,,must_use_db_table;must_have_limit,,tenant,tenant.tenant_admin_user,,100,none,approved,,,,
EXAMPLE_002,P0,channel,lookup,查询channel_user_id =8044413的下级,select id from spot.tbl_channel WHERE channel_user_id =8044413,,channel_user_id = 8044413,,spot,spot.tbl_channel,,100,none,approved,,,,
EXAMPLE_003,P0,user,lookup,查询被 8134469 邀请注册的所有用户,SELECT * FROM spot.tbl_user WHERE invite_by = 8134469,,invite_by = 8134469,,spot,spot.tbl_user,,100,none,approved,,,,
EXAMPLE_004,P0,otc,lookup,查询 tenant_user_id=80336245 的 OTC 用户信息,SELECT * FROM otc.otc_user WHERE tenant_user_id = 80336245;,,tenant_user_id = 80336245,,otc,otc.otc_user,,100,none,approved,,,,
EXAMPLE_005,P0,otc,update,修改 user_id=8036228 的 OTC 商户名称为“回四季发财商行”,UPDATE otc.tbl_otc_merchant SET name = '回四季发财商行' WHERE user_id = 8036228,,user_id = 8036228,,otc,otc.tbl_otc_merchant,,100,none,approved,,,,
EXAMPLE_006,P0,trade,lookup,查询 user_id=80331925 的模拟交易记录,SELECT * FROM spot.tbl_tx_mock WHERE user_id = 80331925,,user_id = 80331925,,spot,spot.tbl_tx_mock,,100,none,approved,,,,
EXAMPLE_007,P0,trade,delete,删除 user_id=80359137 且 id=2026032709131686225000040 的模拟交易记录,DELETE FROM spot.tbl_tx_mock WHERE user_id = 80359137 AND id = '2026032709131686225000040',,user_id = 80359137 AND id = 2026032709131686225000040,,spot,spot.tbl_tx_mock,,100,none,approved,,,,
EXAMPLE_008,P0,user,update,修改 user_id=8035964 的用户昵称为“联快手西瓜保熟吗系”,UPDATE tiger.copy_trade_user_info SET nick_name = '联快手西瓜保熟吗系' WHERE user_id = 8035964,,user_id = 8035964,,tiger,tiger.copy_trade_user_info,,100,none,approved,,,,
EXAMPLE_009,P0,app,update,修改 id=35 的 App 下载链接为 TestFlight 地址： https://testflight.apple.com/join/U7DkSfth,UPDATE spot.tbl_app_version_conf SET line_url = 'https://testflight.apple.com/join/U7DkSfth' WHERE id = 35;,,id = 35; 更新后的 line_url,,spot,spot.tbl_app_version_conf,,100,none,approved,,,,
EXAMPLE_010,P0,user,lookup,查询指定时间范围内的用户注册信息以及邀请人UID,"SELECT *,(SELECT tenant_user_id FROM spot.tbl_user WHERE id =u.invite_by) FROM spot.tbl_user u WHERE create_time >= '2025-10-18 16:00:00' AND create_time < '2025-10-20 16:00:00'",,create_time范围过滤，关联invite_by获取邀请人信息,,spot,spot.tbl_user,,100,none,approved,,,,
EXAMPLE_011,P0,user,lookup,查询指定 tenant_user_id 用户是否完成 KYC 实名认证,"SELECT email,tel,tenant_user_id,IF((SELECT DISTINCT(ua.user_id) FROM spot.tbl_user_auth_record ua WHERE ua.user_id = u.id and status =1) is null,'未实名','已实名') state FROM spot.tbl_user u WHERE tenant_user_id in (1,2,3,4,5,6,7,8)",,status = 1,,spot,spot.tbl_user;spot.tbl_user_auth_record,,100,none,approved,,,,
EXAMPLE_012,P0,otc,lookup,查询用户8001328的OTC订单及状态,SELECT * FROM otc.tbl_otc_order WHERE taker_id = 8001328;,,taker_id,,otc,otc.tbl_otc_order,,100,none,approved,,,,
EXAMPLE_013,P0,user,update,注销模拟账号（清空手机号区号和邮箱）,"UPDATE spot.tbl_user SET tel_country_code = NULL, email = NULL WHERE tenant_user_id = 80022817",,tenant_user_id = 80022817,,spot,spot.tbl_user,,100,none,approved,,,,
EXAMPLE_014,P0,spot,update,修改 channel_user_id=8146790 的现货分成比例为0,UPDATE spot.tbl_channel SET spot_rate = 0 WHERE channel_user_id = 8146790,,channel_user_id = 8146790,,spot,spot.tbl_channel,,100,none,approved,,,,
EXAMPLE_015,P0,kyc,delete,删除 user_id=8098447 的KYC认证失败记录,DELETE FROM spot.tbl_user_auth_record WHERE user_id = 8098447 AND status = 2,,user_id = 8098447;status = 2,,spot,spot.tbl_user_auth_record,,100,none,approved,,,,
EXAMPLE_016,P0,app,lookup,查询App banner中image_url包含4656000006,SELECT * FROM spot.tbl_banner WHERE image_url LIKE '%4656000006%',,image_url包含4656000006,,spot,spot.tbl_banner,,100,none,approved,,,,
EXAMPLE_017,P0,activity,lookup,查询KYC认证任务奖券剩余数量,SELECT * FROM activity.activity_module WHERE name = 'KYC认证';,,activity_name = 'KYC认证',,activity,activity.activity_coupon,,100,none,approved,,,,
EXAMPLE_018,P0,tenant,lookup,查询合伙人迁移操作记录,SELECT * FROM tenant.tenant_oper_log WHERE oper_param LIKE '%%',,oper_param包含迁移关键词,,tenant,tenant.tenant_oper_log,,100,none,approved,,,,
