database_name,table_name,column_name,data_type,is_nullable,is_primary_key,is_indexed,is_join_key,is_filter_hot,business_meaning,sample_values,pii_level,aliases,owner,last_updated,notes
tenant,tenant_admin_user,user_name,varchar,NO,NO,NO,NO,NO,用户名/登录名,simon,none,admin_name,,,
spot,tbl_channel,channel_user_id,bigint,NO,NO,NO,NO,NO,渠道用户ID,8044413,none,user_id,dba_team,,
spot,tbl_user,invite_by,bigint,NO,NO,NO,NO,NO,邀请人ID,,none,,,,
otc,otc_user,tenant_user_id,bigint,NO,NO,NO,NO,NO,租户用户ID,,none,,,,
otc,tbl_otc_merchant,user_id,bigint,NO,NO,NO,NO,NO,用户唯一ID,,none,,,,
spot,tbl_tx_mock,user_id,bigint,NO,NO,NO,NO,NO,用户唯一ID,,none,,,,
spot,tbl_tx_mock,user_id,bigint,NO,NO,NO,NO,NO,用户唯一ID,,none,,,,
tiger,copy_trade_user_info,user_id,bigint,NO,NO,NO,NO,NO,用户唯一ID,,none,,,,
spot,tbl_app_version_conf,line_url,varchar,NO,NO,NO,NO,NO,下载地址/跳转链接,,none,,,,
spot,tbl_user,invite_by,bigint,NO,NO,NO,NO,NO,邀请人ID,,none,,,,
spot,tbl_user,user_id,bigint,NO,NO,NO,NO,NO,用户唯一ID,,none,,,,
otc,tbl_otc_order,status,bigint,NO,NO,NO,NO,NO,status：1=允许,,none,,,,
spot,tbl_user,tenant_user_id,bigint,NO,NO,NO,NO,NO,租户用户ID,,none,,,,
spot,tbl_channel,channel_user_id,bigint,NO,NO,NO,NO,NO,合伙人ID,,none,,,,
spot,tbl_user_auth_record,status,bigint,NO,NO,NO,NO,NO,认证失败,,none,,,,
spot,tbl_banner,image_url,varchar,NO,NO,NO,NO,NO,图片地址,,none,,,,
activity,activity_coupon,activity_name,varchar,NO,NO,NO,NO,NO,活动名称,,none,,,,
tenant,tenant_oper_log,oper_param,varchar,NO,NO,NO,NO,NO,操作参数,,none,,,,
